{"raw_2d_bias50":{"mean":0.5445181131,"std":0.0438305307},"raw_2d_bias90":{"mean":0.9408323884,"std":0.1568517306},"raw_2d_corr":{"mean":0.0884492577,"std":0.0272746235},"raw_2d_mae":{"mean":0.596895957,"std":0.0686050039},"raw_2d_mb":{"mean":0.5916408777,"std":0.0697410424},"raw_2d_nmae":{"mean":4.4769627571,"std":0.5145653736},"raw_2d_nrmse":{"mean":5.2787260056,"std":0.7000828927},"raw_2d_rmse":{"mean":0.7037919402,"std":0.0933393275},"raw_3d_isotropic_bias50":{"mean":0.000024183,"std":0.0000024576},"raw_3d_isotropic_bias90":{"mean":0.0001274639,"std":0.0000130845},"raw_3d_isotropic_corr":{"mean":0.2584742646,"std":0.0190919584},"raw_3d_isotropic_mae":{"mean":0.0000516297,"std":0.0000054142},"raw_3d_isotropic_mb":{"mean":0.0000479737,"std":0.0000056211},"raw_3d_isotropic_nmae":{"mean":16.7354959488,"std":1.7549773283},"raw_3d_isotropic_nrmse":{"mean":30.6963207245,"std":3.8602687819},"raw_3d_isotropic_rmse":{"mean":0.0000946993,"std":0.0000119091},"raw_3d_vertical_bias50":{"mean":0.0000310318,"std":0.000003872},"raw_3d_vertical_bias90":{"mean":0.0001164366,"std":0.0000126987},"raw_3d_vertical_corr":{"mean":0.5717142382,"std":0.0174941094},"raw_3d_vertical_mae":{"mean":0.0000516297,"std":0.0000054142},"raw_3d_vertical_mb":{"mean":0.0000479737,"std":0.0000056211},"raw_3d_vertical_nmae":{"mean":16.7354963303,"std":1.7549769725},"raw_3d_vertical_nrmse":{"mean":27.3965278625,"std":2.9017645025},"raw_3d_vertical_rmse":{"mean":0.0000845194,"std":0.0000089521},"std_2d_bias50":{"mean":3.971971035,"std":0.319720469},"std_2d_bias90":{"mean":6.8628731728,"std":1.1441502589},"std_2d_corr":{"mean":0.0884492591,"std":0.027274626},"std_2d_mae":{"mean":4.3540390968,"std":0.5004370754},"std_2d_mb":{"mean":4.3157062531,"std":0.5087238918},"std_2d_nmae":{"mean":4.4769625664,"std":0.5145654148},"std_2d_nrmse":{"mean":5.2787262917,"std":0.700082981},"std_2d_rmse":{"mean":5.1337889671,"std":0.6808609419},"std_3d_isotropic_bias50":{"mean":0.7000622153,"std":0.0711444756},"std_3d_isotropic_bias90":{"mean":3.6898980141,"std":0.3787763653},"std_3d_isotropic_corr":{"mean":0.2584742615,"std":0.0190919577},"std_3d_isotropic_mae":{"mean":1.4946044683,"std":0.1567324842},"std_3d_isotropic_mb":{"mean":1.388769412,"std":0.1627230001},"std_3d_isotropic_nmae":{"mean":16.7354959488,"std":1.7549769962},"std_3d_isotropic_nrmse":{"mean":30.6963222504,"std":3.8602678367},"std_3d_isotropic_rmse":{"mean":2.7414102554,"std":0.3447506622},"std_3d_vertical_bias50":{"mean":0.8983261824,"std":0.1120891723},"std_3d_vertical_bias90":{"mean":3.3706726074,"std":0.3676087214},"std_3d_vertical_corr":{"mean":0.5717142384,"std":0.0174941093},"std_3d_vertical_mae":{"mean":1.4946044445,"std":0.1567326034},"std_3d_vertical_mb":{"mean":1.388769412,"std":0.1627229774},"std_3d_vertical_nmae":{"mean":16.7354955673,"std":1.7549776841},"std_3d_vertical_nrmse":{"mean":27.3965278625,"std":2.9017628051},"std_3d_vertical_rmse":{"mean":2.4467140675,"std":0.2591490932}}